error,fitness,time,cities
0.020361201533306023,0.026632299914933828,1.836354969,100.0
0.023810720406732388,0.03010460895578475,1.836354969,100.0
0.027095037818588776,0.033368899975236586,1.836354969,100.0
0.030396940159152376,0.0401480519306108,1.836354969,100.0
0.0336006928843584,0.0440596323235336,1.836354969,100.0
0.03555279177956414,0.04494184605431066,1.836354969,100.0
0.037405544958849464,0.048889584897352026,1.836354969,100.0
0.0392878651611564,0.05113482353491481,1.836354969,100.0
0.04084080370508082,0.0558124273445669,1.836354969,100.0
0.04250780861404643,0.05501127245052546,1.836354969,100.0
0.043846212392378396,0.05910945696423978,1.836354969,100.0
0.04561969524148503,0.06082757170447752,1.836354969,100.0
0.04701190332965086,0.06138416110985836,1.836354969,100.0
0.0490894804018073,0.06509172436554866,1.836354969,100.0
0.050199362619901794,0.06885581833579807,1.836354969,100.0
0.0517938453795767,0.06988639203530647,1.836354969,100.0
0.053925624252543235,0.07360102987990162,1.836354969,100.0
0.05521654954871699,0.0694046104249749,1.836354969,100.0
0.056067301755289255,0.07492015819327971,1.836354969,100.0
0.05561501654572774,0.07281413684480784,1.836354969,100.0
0.056183867470534075,0.07540072387769103,1.836354969,100.0
0.05588977884115364,0.0776413907774075,1.836354969,100.0
0.057277505323948166,0.07584650792439804,1.836354969,100.0
0.05764353312196472,0.07472852945464573,1.836354969,100.0
0.05744570476205569,0.0778931015436022,1.836354969,100.0
0.05875574142117688,0.08642579278109948,1.836354969,100.0
0.059254604517199036,0.08250054470264558,1.836354969,100.0
0.0611312472053699,0.08613141215472456,1.836354969,100.0
0.062408067988551856,0.08904052396963395,1.836354969,100.0
0.06512651910705748,0.09189079048792767,1.836354969,100.0
0.06973981017358022,0.09854609589546834,1.836354969,100.0
0.07185708315861362,0.09277171071169191,1.836354969,100.0
0.07387422063578641,0.09795596018354616,1.836354969,100.0
0.07450685049009531,0.09672602822894845,1.836354969,100.0
0.07350315303377104,0.0949080848808953,1.836354969,100.0
0.07215891604029545,0.10177496016842036,1.836354969,100.0
0.0722108243831385,0.10177496016842041,1.836354969,100.0
0.07271385910191197,0.10177496016842047,1.836354969,100.0
0.07646663496469164,0.10177496016842043,1.836354969,100.0
0.07728431261835528,0.10177496016842047,1.836354969,100.0
0.07842564286643967,0.09881008574808253,1.836354969,100.0
0.07859880271775573,0.09660657419913252,1.836354969,100.0
0.07824819117800336,0.0986895242616318,1.836354969,100.0
0.0772883023699395,0.10050344278790997,1.836354969,100.0
0.07870851609153194,0.10242812598340667,1.836354969,100.0
0.07971457399877532,0.10242812598340667,1.836354969,100.0
0.0789132635006729,0.10242812598340667,1.836354969,100.0
0.07840842035542354,0.10242812598340667,1.836354969,100.0
0.07644352403726776,0.09664693916681961,1.836354969,100.0
0.07580299380552302,0.09678756666288456,1.836354969,100.0
0.07615530057475718,0.09538391537108708,1.836354969,100.0
0.0769182202530543,0.09731528781391781,1.836354969,100.0
0.07655882924668857,0.09776393324855308,1.836354969,100.0
0.07607492992217155,0.09776393324855306,1.836354969,100.0
0.07601878033639281,0.09776393324855306,1.836354969,100.0
0.07620837150503325,0.09776393324855306,1.836354969,100.0
0.07694874272875234,0.09673681422671193,1.836354969,100.0
0.07617688546117254,0.09508341087870942,1.836354969,100.0
0.07490504974517839,0.09507274306982931,1.836354969,100.0
0.0759176222661968,0.09491374274109717,1.836354969,100.0
0.07616043535487656,0.09719934643747384,1.836354969,100.0
0.07630456320699888,0.09634491564771841,1.836354969,100.0
0.07624361618002885,0.09373828554469014,1.836354969,100.0
0.07650816287105294,0.09711408770482602,1.836354969,100.0
0.07637543337555872,0.09375379972566376,1.836354969,100.0
0.07490769089367633,0.09119039636059874,1.836354969,100.0
0.07523660084329108,0.09121869442463461,1.836354969,100.0
0.07438253464818557,0.09206054644682515,1.836354969,100.0
0.07372346592929055,0.09541953847816986,1.836354969,100.0
0.07534287196979507,0.09413153483486658,1.836354969,100.0
0.07520910244456498,0.09292343535595005,1.836354969,100.0
0.074479240494338,0.09253212813590143,1.836354969,100.0
0.07557323634309346,0.09685959670183662,1.836354969,100.0
0.07521423526261267,0.09377513715153857,1.836354969,100.0
0.07544140078493988,0.09378668779153088,1.836354969,100.0
0.07583528810239129,0.0918514463683435,1.836354969,100.0
0.07656095105500213,0.09811335032117709,1.836354969,100.0
0.07704844143528976,0.09811335032117706,1.836354969,100.0
0.07664751385549258,0.09811335032117706,1.836354969,100.0
0.07681432804375947,0.09890242763147582,1.836354969,100.0
0.0761022067871344,0.08997742446204483,1.836354969,100.0
0.07552223068001171,0.09727758099560309,1.836354969,100.0
0.07556782398700058,0.09727758099560312,1.836354969,100.0
0.07524304544937276,0.09727758099560312,1.836354969,100.0
0.07559241137114313,0.0933620017164658,1.836354969,100.0
0.07596200545808246,0.09281077020038393,1.836354969,100.0
0.07629833743126344,0.09435134852221773,1.836354969,100.0
0.07580965722194313,0.09234786952372677,1.836354969,100.0
0.07587915523596839,0.09097721516220769,1.836354969,100.0
0.07475477243533658,0.09601677591349071,1.836354969,100.0
0.07423975602591497,0.09455707657956593,1.836354969,100.0
0.07487021467461079,0.09273208235500112,1.836354969,100.0
0.07409378782954461,0.09000685852678947,1.836354969,100.0
0.07509315399194601,0.09160231231409943,1.836354969,100.0
0.0738414694319714,0.09549477596099762,1.836354969,100.0
0.07368294570191058,0.08886969443180037,1.836354969,100.0
0.07375457765852672,0.0914981625495648,1.836354969,100.0
0.07275874416810268,0.09064320386428323,1.836354969,100.0
0.07347730145090217,0.09270852529766889,1.836354969,100.0
0.07361014936605738,0.09084002116946203,1.836354969,100.0
0.07273627526130441,0.09035302127745788,1.836354969,100.0
0.07363709502367774,0.0884163537705983,1.836354969,100.0
0.07376044010071522,0.08939611844033478,1.836354969,100.0
0.0735776991593884,0.0922099309673737,1.836354969,100.0
0.07445221894779425,0.09134575440416932,1.836354969,100.0
0.07393592649092591,0.09295751020618134,1.836354969,100.0
0.07428596219373211,0.09260272649073756,1.836354969,100.0
0.07373627253505742,0.09024232195172956,1.836354969,100.0
0.07381939252308382,0.0904190282393771,1.836354969,100.0
0.07433386378001146,0.09202822839521409,1.836354969,100.0
0.07509412078017348,0.09412997338043949,1.836354969,100.0
0.07473404570253304,0.09113752275227573,1.836354969,100.0
0.07590807148610451,0.09185564215341635,1.836354969,100.0
0.07466846633794627,0.09317955162448151,1.836354969,100.0
0.07361832463925548,0.09294249876518863,1.836354969,100.0
0.07432507784769161,0.09037685715232223,1.836354969,100.0
0.07376370374509666,0.09801069093537591,1.836354969,100.0
0.07393813927345953,0.09801069093537591,1.836354969,100.0
0.07285575248916061,0.09166000707741781,1.836354969,100.0
0.07393603444133555,0.09317746961932583,1.836354969,100.0
0.0731828179095149,0.09108040567818781,1.836354969,100.0
0.07409131674666775,0.0913086767231716,1.836354969,100.0
0.07481278639352473,0.09221227802912987,1.836354969,100.0
0.07512206943120935,0.09330855415821543,1.836354969,100.0
0.07578437936206428,0.09321542201092259,1.836354969,100.0
0.07667468213957362,0.09698168374638629,1.836354969,100.0
0.07726587241585849,0.09664196826745766,1.836354969,100.0
0.07695797125702696,0.0980388674288988,1.836354969,100.0
0.07792509456580529,0.09944811255890393,1.836354969,100.0
0.07846865989529342,0.09637138952295064,1.836354969,100.0
0.07867094109193075,0.10063034311877238,1.836354969,100.0
0.07870084531341032,0.10201740785654936,1.836354969,100.0
0.07861346465927013,0.10264275764597132,1.836354969,100.0
0.0801780676613358,0.1062308575675185,1.836354969,100.0
0.08029395451139422,0.10264275764597132,1.836354969,100.0
0.08131391283185971,0.10714288958694027,1.836354969,100.0
0.07953896277769534,0.10607186783599085,1.836354969,100.0
0.0791774847099854,0.10607186783599085,1.836354969,100.0
0.07990435456210716,0.10607186783599085,1.836354969,100.0
0.08036132357906905,0.10607186783599086,1.836354969,100.0
0.07857495657060211,0.10607186783599085,1.836354969,100.0
0.07807517854070704,0.10607186783599085,1.836354969,100.0
0.07662946067623866,0.10607186783599078,1.836354969,100.0
0.07454430917611458,0.0938682807647377,1.836354969,100.0
0.07246509488510586,0.09720262092882635,1.836354969,100.0
0.07085516780183604,0.09025507586678273,1.836354969,100.0
0.07243094497190762,0.08835888432618647,1.836354969,100.0
0.07291756763060371,0.09298067629495844,1.836354969,100.0
0.0734291986360446,0.09303474080810993,1.836354969,100.0
0.0736472770389708,0.0910346140750688,1.836354969,100.0
0.07462188038912494,0.09091046591297122,1.836354969,100.0
0.07414725470633998,0.09059903922351052,1.836354969,100.0
0.07416813148356441,0.09343556238001836,1.836354969,100.0
0.07474988648403894,0.09369849349212545,1.836354969,100.0
0.07401344038605608,0.09362942729037978,1.836354969,100.0
0.07488340837932578,0.09033245523748855,1.836354969,100.0
0.07390859818782368,0.09299936176236816,1.836354969,100.0
0.07444771270107683,0.09987958128178988,1.836354969,100.0
0.07467440285754412,0.09987958128178985,1.836354969,100.0
0.07567029946976259,0.09987958128178985,1.836354969,100.0
0.07747312620232998,0.10104589176041118,1.836354969,100.0
0.07859402406721808,0.10104589176041118,1.836354969,100.0
0.07880922397791365,0.098403572099407,1.836354969,100.0
0.07906945100653753,0.09825198925847761,1.836354969,100.0
0.07968229053120085,0.09814155143416776,1.836354969,100.0
0.07939184737054598,0.10281695428002804,1.836354969,100.0
0.07933400493287367,0.10417058192298531,1.836354969,100.0
0.0781739209643301,0.09586590639894786,1.836354969,100.0
0.07791641473372184,0.09423138671213122,1.836354969,100.0
0.07722897926033835,0.09423138671213119,1.836354969,100.0
0.07738523956971782,0.09450802010242824,1.836354969,100.0
0.07712887389498813,0.09498007050205538,1.836354969,100.0
0.07702352064190038,0.09599045578718066,1.836354969,100.0
0.0780458777538633,0.09599045578718066,1.836354969,100.0
0.07725893075857478,0.09599045578718066,1.836354969,100.0
0.07661348089781989,0.09570149306413088,1.836354969,100.0
0.0772734302828075,0.10071699562019651,1.836354969,100.0
0.07863455398442863,0.095947532215589,1.836354969,100.0
0.07896744681163667,0.09886518926384526,1.836354969,100.0
0.08031339039553098,0.09866700776546125,1.836354969,100.0
0.07885296675929648,0.0963778308763485,1.836354969,100.0
0.07828851796457083,0.09458795587889195,1.836354969,100.0
0.07809065795906849,0.09966287853785417,1.836354969,100.0
0.07844432944719462,0.0939092202169894,1.836354969,100.0
0.07857030550476406,0.09324917836482312,1.836354969,100.0
0.07761275625455326,0.09314418981883424,1.836354969,100.0
0.07811964696706818,0.097009395226453,1.836354969,100.0
0.07787798811515226,0.10225669678704237,1.836354969,100.0
0.07911467669036044,0.09498476892046269,1.836354969,100.0
0.08052745922090875,0.09976965842921334,1.836354969,100.0
0.08091466315190195,0.09976965842921334,1.836354969,100.0
0.08102501820000775,0.10163890132092687,1.836354969,100.0
0.08146319466175214,0.09865039916041293,1.836354969,100.0
0.08267846546116146,0.096788431495632,1.836354969,100.0
0.08243164572422076,0.10120962089640251,1.836354969,100.0
0.08165699232084656,0.09664998042830411,1.836354969,100.0
0.0823548162222364,0.10123957405806136,1.836354969,100.0
0.08142482759282231,0.09761366139121831,1.836354969,100.0
0.08120543462872046,0.09713283795147186,1.836354969,100.0
0.08030561308982005,0.0972858937386716,1.836354969,100.0
0.07972929604214693,0.09575035818951443,1.836354969,100.0
0.0804052257099038,0.10074904649260423,1.836354969,100.0
0.07845796220291126,0.09548766926114159,1.836354969,100.0
0.07851849101118881,0.10054504494878437,1.836354969,100.0
0.0790840243011659,0.0976326121048146,1.836354969,100.0
0.07819873696836367,0.09876296873302215,1.836354969,100.0
0.0781447070751091,0.09882778939903919,1.836354969,100.0
0.07910264980599782,0.09740495825117097,1.836354969,100.0
0.0788079824627283,0.0976824400791337,1.836354969,100.0
0.07917488704744861,0.09751982960619647,1.836354969,100.0
0.0796829981937148,0.0999072415649428,1.836354969,100.0
0.07948382485483717,0.09990724156494285,1.836354969,100.0
0.08020732920765505,0.09950031132187089,1.836354969,100.0
0.08059419650967588,0.09950031132187089,1.836354969,100.0
0.0795239107370339,0.09830875275105636,1.836354969,100.0
0.08000579641855818,0.09830875275105636,1.836354969,100.0
0.07988383219738245,0.10189222198167507,1.836354969,100.0
0.0809060924853654,0.0983087527510563,1.836354969,100.0
0.08010399448166121,0.09641753086757918,1.836354969,100.0
0.07935647488328498,0.09542234102258808,1.836354969,100.0
0.07939117714985058,0.09823187420509567,1.836354969,100.0
0.07945810556465843,0.09715688678802802,1.836354969,100.0
0.07944772837663225,0.09684539942307285,1.836354969,100.0
0.0787452370087609,0.09684539942307285,1.836354969,100.0
0.07858084906137469,0.09926943492613924,1.836354969,100.0
0.07921753427712232,0.09992437340739742,1.836354969,100.0
0.07862136254732695,0.1007941824994423,1.836354969,100.0
0.07977914422573669,0.10304526327258966,1.836354969,100.0
0.07927469522940112,0.0982306376515235,1.836354969,100.0
0.07924994421667883,0.09442115262644547,1.836354969,100.0
0.07939674573193735,0.09840824649053838,1.836354969,100.0
0.07853868726442763,0.09843575169294054,1.836354969,100.0
0.07847635386105878,0.09846530834948858,1.836354969,100.0
0.07903768853171676,0.09921885601066804,1.836354969,100.0
0.0793468154563962,0.09915206559338342,1.836354969,100.0
0.07831412099348,0.09463340138007796,1.836354969,100.0
0.07789799663234806,0.09463340138007793,1.836354969,100.0
0.07761489134894212,0.09305377511078845,1.836354969,100.0
0.07700664795021382,0.09228332736239409,1.836354969,100.0
0.07666081594127074,0.10175316313889392,1.836354969,100.0
0.07737751526933279,0.10175316313889392,1.836354969,100.0
0.07667307222491866,0.10175316313889393,1.836354969,100.0
0.07790255509094932,0.10175316313889389,1.836354969,100.0
0.07797942491829218,0.09946267997860406,1.836354969,100.0
0.07832860291480799,0.09340985346432452,1.836354969,100.0
0.07698520607048442,0.09452825374035898,1.836354969,100.0
0.0774829776833209,0.09699003974146837,1.836354969,100.0
0.07758810868902309,0.09865264446483593,1.836354969,100.0
0.07868104554625777,0.09484419286254696,1.836354969,100.0
0.07944656788361532,0.09746648128129992,1.836354969,100.0
0.08043772160013431,0.0968359560619496,1.836354969,100.0
0.08069594615945826,0.09893662649965487,1.836354969,100.0
0.08095925511968685,0.09729875350138456,1.836354969,100.0
0.08062010672541291,0.1024305195128659,1.836354969,100.0
0.08017391763483142,0.10243051951286596,1.836354969,100.0
0.07966314641504564,0.10243051951286596,1.836354969,100.0
0.07941753878858437,0.09677317748443767,1.836354969,100.0
0.07848343703485605,0.09883272806047547,1.836354969,100.0
0.07906085225915445,0.09520996356631987,1.836354969,100.0
0.07790357936406528,0.09520996356631986,1.836354969,100.0
0.07839472103460676,0.09451782698086372,1.836354969,100.0
0.07762320866329725,0.0924167386356719,1.836354969,100.0
0.07834910857337468,0.09503176130668377,1.836354969,100.0
0.07859670107801535,0.0928017845917362,1.836354969,100.0
0.07869492243966623,0.09586777835301749,1.836354969,100.0
0.07961499484283466,0.09830529142220315,1.836354969,100.0
0.08120313137878166,0.09612585351559243,1.836354969,100.0
0.08157824891704146,0.0985304077969478,1.836354969,100.0
0.0819109304640778,0.10694642412611745,1.836354969,100.0
0.08363684062639325,0.09885855036521185,1.836354969,100.0
0.08408629033188912,0.1018312895894572,1.836354969,100.0
0.08473581709115983,0.10234962769521364,1.836354969,100.0
0.08533796583969817,0.10229904130004362,1.836354969,100.0
0.08559906589388026,0.100482270166163,1.836354969,100.0
0.08568391379512282,0.10131279569743033,1.836354969,100.0
0.08430417503669803,0.10478199839926021,1.836354969,100.0
0.0856282621622778,0.10358526011614728,1.836354969,100.0
0.08470932610265473,0.10367275621854298,1.836354969,100.0
0.0828150793067495,0.10036585303185483,1.836354969,100.0
0.08295375322045084,0.10086532358933858,1.836354969,100.0
0.08183892529329313,0.10378340034171789,1.836354969,100.0
0.08202576538403168,0.10510765332123745,1.836354969,100.0
0.0830136775723013,0.10511621851403517,1.836354969,100.0
0.08438010951005635,0.10314361420755479,1.836354969,100.0
0.0852707851136416,0.10358047223937489,1.836354969,100.0
0.08431727630095176,0.10194186567299739,1.836354969,100.0
0.08434985368443094,0.10110003157918554,1.836354969,100.0
0.08438501497067723,0.10399272922151441,1.836354969,100.0
0.085168362752306,0.10420538967180593,1.836354969,100.0
0.08241350655885114,0.10399272922151441,1.836354969,100.0
0.08310299467025577,0.10046598979895481,1.836354969,100.0
0.08379370538101436,0.0995982989267622,1.836354969,100.0
0.08216650816641388,0.10178601211449215,1.836354969,100.0
0.08301643586345868,0.09923815216692879,1.836354969,100.0
0.08213665712273498,0.09655747022703838,1.836354969,100.0
0.08171391825789025,0.09818878403958313,1.836354969,100.0
0.0817026083281272,0.09752396566367216,1.836354969,100.0
0.08116198460615336,0.09616058589597032,1.836354969,100.0
0.08101326196797631,0.09728601740446766,1.836354969,100.0
0.08152790284442363,0.09861011625344758,1.836354969,100.0
0.08108501962665031,0.09590824947151202,1.836354969,100.0
0.08160686343466379,0.09623092259654578,1.836354969,100.0
0.081597554966507,0.09623092259654578,1.836354969,100.0
0.08124444901161092,0.09819155370233353,1.836354969,100.0
0.08176203563709121,0.09510323437585272,1.836354969,100.0
0.08073293217998051,0.10036905909659469,1.836354969,100.0
0.08194872260775758,0.09720105332991338,1.836354969,100.0
0.08150552397828294,0.09690919826314447,1.836354969,100.0
0.08148203121457051,0.10314960977245986,1.836354969,100.0
0.08110505364457435,0.10314960977245993,1.836354969,100.0
0.08137610665447521,0.10058342541873828,1.836354969,100.0
0.08317132949203607,0.10349607929621306,1.836354969,100.0
0.08371980387990739,0.10388350926516131,1.836354969,100.0
0.08497049269564323,0.10323016214883472,1.836354969,100.0
0.08583001125059007,0.10029729019281441,1.836354969,100.0
0.08366221436534502,0.10205474385970265,1.836354969,100.0
0.0819318609438981,0.09628276671223034,1.836354969,100.0
0.0811499457479955,0.09787365486894534,1.836354969,100.0
0.07966183568580394,0.09694205488545883,1.836354969,100.0
0.07944680058739446,0.09461072285482168,1.836354969,100.0
0.07891010474774038,0.10161629263756697,1.836354969,100.0
0.07955500374498996,0.09854469713284354,1.836354969,100.0
0.08050269082527226,0.09806032607845717,1.836354969,100.0
0.08179554669513771,0.09732015882267542,1.836354969,100.0
0.08211239472251691,0.09771842252977753,1.836354969,100.0
0.08429997610755537,0.10363534804260272,1.836354969,100.0
0.08569035777847037,0.09871054586944747,1.836354969,100.0
0.08659925568325079,0.10451661952651403,1.836354969,100.0
0.0872507679487602,0.10183817065738691,1.836354969,100.0
0.0865566548127041,0.10366741439896181,1.836354969,100.0
0.08568865265302268,0.10526589049962506,1.836354969,100.0
0.08529619027765918,0.10117345352517894,1.836354969,100.0
0.08500669474872324,0.10117345352517897,1.836354969,100.0
0.085827692913347,0.10016438886627793,1.836354969,100.0
0.0841950329672442,0.09943503883312486,1.836354969,100.0
0.08411684614161505,0.10162143930268325,1.836354969,100.0
0.08566283343402398,0.10459532327227558,1.836354969,100.0
0.08567770333161259,0.10355821693470148,1.836354969,100.0
0.0863119789016913,0.10678139889180438,1.836354969,100.0
0.08858799683520158,0.10403426251072984,1.836354969,100.0
0.08909990407578534,0.10709072867142543,1.836354969,100.0
0.08756564721690749,0.10633325997376843,1.836354969,100.0
0.08755096777028581,0.10635104787252352,1.836354969,100.0
0.08560776521572565,0.10606533738919792,1.836354969,100.0
0.08456709382390376,0.10727102479158263,1.836354969,100.0
0.08436965373242872,0.10192223586583808,1.836354969,100.0
0.0851021868638699,0.10725551968739098,1.836354969,100.0
0.08477238167276674,0.10478444168255331,1.836354969,100.0
0.08702407575595206,0.10647736062296981,1.836354969,100.0
0.0885165107600122,0.10647736062296984,1.836354969,100.0
0.08810163925294817,0.10503126048370094,1.836354969,100.0
0.08742840901560889,0.10486906483578716,1.836354969,100.0
0.08782470359748393,0.10588416739304106,1.836354969,100.0
0.08905187454813746,0.10588416739304106,1.836354969,100.0
0.08869665456914547,0.10580943123264286,1.836354969,100.0
0.08929905613273237,0.10439770947882301,1.836354969,100.0
0.0902467652075422,0.10439770947882301,1.836354969,100.0
0.0916025835766743,0.10465815320277828,1.836354969,100.0
0.09246827949380455,0.10439770947882303,1.836354969,100.0
0.09055377340023901,0.10439770947882303,1.836354969,100.0
0.08949641209525044,0.10439770947882301,1.836354969,100.0
0.08862633696246927,0.10029954312364057,1.836354969,100.0
0.0875585944050954,0.10439770947882299,1.836354969,100.0
0.08790412663240423,0.09978607689060114,1.836354969,100.0
0.08760639365170342,0.10001997152711774,1.836354969,100.0
0.08836703783358547,0.10010044764567107,1.836354969,100.0
0.08704608433971155,0.10129868640566744,1.836354969,100.0
0.08699138905822235,0.09886033589438858,1.836354969,100.0
0.08714229126758599,0.09842229365068575,1.836354969,100.0
0.08611245552490054,0.09660352071669026,1.836354969,100.0
0.08579709830143126,0.09582929583248893,1.836354969,100.0
0.08459114212244405,0.09910804683419137,1.836354969,100.0
0.08527866465562518,0.10386396653026231,1.836354969,100.0
0.08784180240927998,0.10537528959751963,1.836354969,100.0
0.08929438089032188,0.10726192504154625,1.836354969,100.0
0.09025244169649138,0.10434548139733887,1.836354969,100.0
0.09042235387792219,0.10448004029487244,1.836354969,100.0
0.08912546468373424,0.10580198730899072,1.836354969,100.0
0.08881609802971367,0.1082960164728835,1.836354969,100.0
0.08778379082702345,0.1082960164728835,1.836354969,100.0
0.08780821911932754,0.10502648124537292,1.836354969,100.0
0.08745785912346696,0.10500801331600854,1.836354969,100.0
0.08680563193496833,0.10542713563381303,1.836354969,100.0
0.08602123697419053,0.10588935878582398,1.836354969,100.0
0.08591870774068808,0.10421530876425916,1.836354969,100.0
0.08681504393631746,0.10174368557916849,1.836354969,100.0
0.08673172422273939,0.10497929218470319,1.836354969,100.0
0.08698099434398458,0.10497929218470312,1.836354969,100.0
0.08762833733963223,0.10333486209540602,1.836354969,100.0
0.08725068425493793,0.10336389067762568,1.836354969,100.0
0.08797447395958921,0.10234373676657897,1.836354969,100.0
0.08801989629797276,0.10524570118652353,1.836354969,100.0
0.08813384526459397,0.10432226576883971,1.836354969,100.0
0.08743002669322199,0.10595728729249282,1.836354969,100.0
0.08604270557805689,0.10012139801691544,1.836354969,100.0
0.08590449190029192,0.10067422732001577,1.836354969,100.0
0.0859117142552003,0.10067422732001577,1.836354969,100.0
0.08481573233368712,0.09949470092377913,1.836354969,100.0
0.0856981520597419,0.0999495003902059,1.836354969,100.0
0.0855287891922709,0.1011090769498636,1.836354969,100.0
0.08426655345512034,0.10306951904786149,1.836354969,100.0
0.08300481962835114,0.09812670049106184,1.836354969,100.0
0.08245482108862232,0.09898417871392819,1.836354969,100.0
0.08168021497743692,0.09553257709686162,1.836354969,100.0
0.08045587098254643,0.09425063903609922,1.836354969,100.0
0.08062454950592274,0.09922035474543694,1.836354969,100.0
0.08108829190176962,0.09693705696336734,1.836354969,100.0
0.08221541590846206,0.10258649825123109,1.836354969,100.0
0.08462986415570421,0.10140422909371252,1.836354969,100.0
0.08410048702245362,0.10332991788492504,1.836354969,100.0
0.08336122559971247,0.09875326791251801,1.836354969,100.0
0.08228041098494149,0.09565458708852739,1.836354969,100.0
0.08124930326292303,0.09565458708852739,1.836354969,100.0
0.08098521992816587,0.09680116952761858,1.836354969,100.0
0.08108986652466724,0.09627556739031083,1.836354969,100.0
0.08002084509531374,0.09289213922204312,1.836354969,100.0
0.07971198909793145,0.09444705151979227,1.836354969,100.0
0.08026069481905791,0.09544536006193938,1.836354969,100.0
0.0806164627231751,0.094277217659156,1.836354969,100.0
0.08006726206931475,0.09547787872889377,1.836354969,100.0
0.07868332947851599,0.09739671901586854,1.836354969,100.0
0.07810050905410115,0.0976931219904682,1.836354969,100.0
0.07894813231318008,0.09393382015319995,1.836354969,100.0
0.07895242193142847,0.09594459533699067,1.836354969,100.0
0.07971097654515268,0.09343421227615815,1.836354969,100.0
0.0795800376556691,0.09417584065356216,1.836354969,100.0
0.0800401470992255,0.09393907012075611,1.836354969,100.0
0.07971815137275086,0.09197859065488334,1.836354969,100.0
0.07971524794354636,0.09390776898252487,1.836354969,100.0
0.07812049394700399,0.0918419144833459,1.836354969,100.0
0.07861294043654735,0.09137292743836871,1.836354969,100.0
0.07893663894974014,0.09537014415776605,1.836354969,100.0
0.0803192395709674,0.09356466127203654,1.836354969,100.0
0.08027487108245342,0.09693844883100826,1.836354969,100.0
0.08063401401550822,0.09693844883100826,1.836354969,100.0
0.07869522831177028,0.09259735540114117,1.836354969,100.0
0.0788950381852353,0.09208075890457171,1.836354969,100.0
0.07863628494493093,0.0946214433829198,1.836354969,100.0
0.07788714095611894,0.09044968867633339,1.836354969,100.0
0.07736108580932442,0.09178187044036717,1.836354969,100.0
0.07692260917649524,0.09246723482054707,1.836354969,100.0
0.07737019024155357,0.09456170368775829,1.836354969,100.0
0.07736146403449683,0.09229330441582986,1.836354969,100.0
0.07602762056397455,0.09380507743916872,1.836354969,100.0
0.07612109044262913,0.09769128563122591,1.836354969,100.0
0.07611485982249218,0.09769128563122591,1.836354969,100.0
0.07664129387404768,0.09142015637770806,1.836354969,100.0
0.07699424094147483,0.09073522798336137,1.836354969,100.0
0.07597039179549263,0.09184437473675064,1.836354969,100.0
0.07710087325688957,0.09270145843044376,1.836354969,100.0
0.07625821817680253,0.09269846725201498,1.836354969,100.0
0.07642812721036787,0.09077169178079791,1.836354969,100.0
0.07525972006887911,0.09330009679246014,1.836354969,100.0
0.07536918504393605,0.09054479137514775,1.836354969,100.0
0.07505244065861756,0.09198557221162881,1.836354969,100.0
0.0753032439592893,0.09122180711191195,1.836354969,100.0
0.07635593774410224,0.09158832229491017,1.836354969,100.0
0.07645256722725223,0.09670727535200874,1.836354969,100.0
0.07749129544162354,0.09670727535200879,1.836354969,100.0
0.0782091423824057,0.09692700897338404,1.836354969,100.0
0.07725589541126304,0.09370665407958272,1.836354969,100.0
0.07711468046954825,0.09939843857126276,1.836354969,100.0
0.07655177466870063,0.09646376632539913,1.836354969,100.0
0.0752891738567861,0.09495482306909381,1.836354969,100.0
0.07544544077904666,0.0949548230690938,1.836354969,100.0
0.07495691052908138,0.09192727155894952,1.836354969,100.0
0.07430470416324415,0.09685400199183121,1.836354969,100.0
0.07521566596596561,0.09838780384019064,1.836354969,100.0
0.07489792543679137,0.08981777860151798,1.836354969,100.0
0.07523245089824585,0.09203908297484774,1.836354969,100.0
0.07541502514362479,0.09497410770282555,1.836354969,100.0
0.07510130943881102,0.09702478658857443,1.836354969,100.0
0.07547769910019408,0.09255776089576749,1.836354969,100.0
0.07462061328502351,0.09649032663186614,1.836354969,100.0
0.07472871087969449,0.09561495686016226,1.836354969,100.0
0.07607898199330107,0.1025977150867876,1.836354969,100.0
0.07861929998784062,0.10158670027990256,1.836354969,100.0
0.08422658021027198,0.10630627394369961,1.836354969,100.0
0.08774456563113249,0.10625823402035256,1.836354969,100.0
0.08898844545701394,0.10863081509557335,1.836354969,100.0
0.09111688162215983,0.11060376733692878,1.836354969,100.0
0.09391883985884941,0.11060376733692881,1.836354969,100.0
0.09557624625921944,0.10863081509557337,1.836354969,100.0
0.09597281286472199,0.10886955530348388,1.836354969,100.0
0.09562636571101785,0.10886955530348388,1.836354969,100.0
0.0953131394987652,0.10886955530348388,1.836354969,100.0
0.0944420449866134,0.10886955530348395,1.836354969,100.0
0.09421741896919147,0.10886955530348395,1.836354969,100.0
0.0940931666212147,0.10886955530348388,1.836354969,100.0
0.09443847352142373,0.10726584042652237,1.836354969,100.0
0.09349205421651219,0.10886955530348388,1.836354969,100.0
0.09401117108115604,0.10886955530348388,1.836354969,100.0
0.09399510381476633,0.10659716724834957,1.836354969,100.0
0.09262995413627399,0.10642354829060703,1.836354969,100.0
0.09201909726837723,0.10549055541273494,1.836354969,100.0
0.0906948385930169,0.10681550941667114,1.836354969,100.0
0.09003445886220474,0.1032246109568983,1.836354969,100.0
0.08942639051092041,0.10478916899485982,1.836354969,100.0
0.08845157940424901,0.10414054107879665,1.836354969,100.0
0.08698461699785552,0.09988705050674276,1.836354969,100.0
0.08658207255246207,0.10004999322198568,1.836354969,100.0
0.08664212627273743,0.10032688143033401,1.836354969,100.0
0.08554473987933875,0.10339857967410974,1.836354969,100.0
0.08558751389119873,0.10627324801327698,1.836354969,100.0
0.08684636853710995,0.1078210250136984,1.836354969,100.0
0.0867490782991356,0.10671204698206192,1.836354969,100.0
0.08712659012895264,0.10492490522948202,1.836354969,100.0
0.0867990161214549,0.10492490522948199,1.836354969,100.0
0.08640449792923263,0.10282777854048326,1.836354969,100.0
0.08407895780500133,0.10633237169161774,1.836354969,100.0
0.08561051096551439,0.10639125647743622,1.836354969,100.0
0.08774500375427337,0.10515875018178204,1.836354969,100.0
0.0899765643709218,0.10711482645028554,1.836354969,100.0
0.0894665187892923,0.10518767811375446,1.836354969,100.0
0.0894492132559568,0.10778794680344503,1.836354969,100.0
0.08964755367083084,0.10783728610005323,1.836354969,100.0
0.08887953532338613,0.10319765565023623,1.836354969,100.0
0.0901366764373546,0.10468196976902337,1.836354969,100.0
0.08983210713865449,0.10697885534481509,1.836354969,100.0
0.0896231025701466,0.1051665723893807,1.836354969,100.0
0.08936423818227926,0.10369387831796024,1.836354969,100.0
0.09023144385378157,0.10547899810026473,1.836354969,100.0
0.09015038137648937,0.10143492957996565,1.836354969,100.0
0.0904999589181744,0.10432761627408232,1.836354969,100.0
0.09030024548966076,0.10390286450157722,1.836354969,100.0
0.09053997118630944,0.10334924704307848,1.836354969,100.0
0.09039015863427878,0.10445528050297943,1.836354969,100.0
0.09084015007582648,0.10121270766912413,1.836354969,100.0
0.08997268396177807,0.10533277040006342,1.836354969,100.0
0.08996723593279352,0.10467469854595599,1.836354969,100.0
0.08926291102381578,0.10361220378312455,1.836354969,100.0
0.08857410642276557,0.10457508590327173,1.836354969,100.0
0.0890454976498794,0.10373541645647058,1.836354969,100.0
0.08979749662936327,0.10386644895327007,1.836354969,100.0
0.08962564253664061,0.10373541645647058,1.836354969,100.0
0.0897607073414795,0.10743112760498814,1.836354969,100.0
0.08832287585907508,0.10743112760498819,1.836354969,100.0
0.08647842086819818,0.10743112760498819,1.836354969,100.0
0.08665252770175608,0.10173964739308816,1.836354969,100.0
0.08670693932740503,0.1030501915075437,1.836354969,100.0
0.08777199080443655,0.10584441847845943,1.836354969,100.0
0.08839221181169497,0.10543992253245087,1.836354969,100.0
0.08810184588473673,0.10657552026006878,1.836354969,100.0
0.08994148208662693,0.10683876329091026,1.836354969,100.0
0.08940135376836421,0.10642666900929058,1.836354969,100.0
0.0893107786569623,0.10636300833643703,1.836354969,100.0
0.09034821205045455,0.10605340743215434,1.836354969,100.0
0.09161885748387025,0.10652597715453943,1.836354969,100.0
0.09191152894901303,0.10497237212398909,1.836354969,100.0
0.09170870997092762,0.10497237212398908,1.836354969,100.0
0.09173007018668608,0.10548834140519717,1.836354969,100.0
0.09079170952141474,0.1049723721239891,1.836354969,100.0
0.09065616953598855,0.10413195995474597,1.836354969,100.0
0.09027714288561245,0.10413195995474596,1.836354969,100.0
0.0909645878765098,0.10582667504175255,1.836354969,100.0
0.08968655494939227,0.10399686188583093,1.836354969,100.0
0.08799593316517583,0.10305393427465544,1.836354969,100.0
0.08676131464722502,0.1052005967759129,1.836354969,100.0
0.0859895913333608,0.10598608683735247,1.836354969,100.0
0.08375991546111436,0.10598608683735251,1.836354969,100.0
0.08228505186746064,0.10551959314400725,1.836354969,100.0
0.07847507666276606,0.1063784871154373,1.836354969,100.0
0.07867840715098491,0.10396869486228218,1.836354969,100.0
0.07870463803945879,0.10135712153959008,1.836354969,100.0
0.07732103424706835,0.09824645720815103,1.836354969,100.0
0.07972345021904777,0.1082264592018774,1.836354969,100.0
0.08046165898052397,0.10558046761816071,1.836354969,100.0
0.0830246770402126,0.10558046761816078,1.836354969,100.0
0.08293413810076318,0.10750530372222236,1.836354969,100.0
0.08240398292690893,0.10331884820805438,1.836354969,100.0
0.08399099121798333,0.10664130727674476,1.836354969,100.0
0.08396440446838176,0.10492239598860008,1.836354969,100.0
0.08393577368749615,0.10646308709148664,1.836354969,100.0
0.08372268714026669,0.10815185785072727,1.836354969,100.0
0.08351475797087879,0.10815185785072727,1.836354969,100.0
0.08339658161714038,0.10647051205317241,1.836354969,100.0
0.0853025092415682,0.10672870178136366,1.836354969,100.0
0.08619318208350277,0.10940826398394221,1.836354969,100.0
0.08691156898332066,0.10810555511344759,1.836354969,100.0
0.08840373187528318,0.11041791219085353,1.836354969,100.0
0.08828404966322324,0.10908540286684451,1.836354969,100.0
0.0885729215320047,0.10573298967536507,1.836354969,100.0
0.08982845774498571,0.11107343116061481,1.836354969,100.0
0.0893284161484338,0.10655696634637712,1.836354969,100.0
0.08800249950616001,0.10860699858717061,1.836354969,100.0
0.08834115446610616,0.1045516319022049,1.836354969,100.0
0.08755577865744658,0.10589833203218954,1.836354969,100.0
0.08676088122744723,0.1106881089706377,1.836354969,100.0
0.08942144692781262,0.11068810897063774,1.836354969,100.0
0.0907058737664955,0.11068810897063774,1.836354969,100.0
0.09553035706122875,0.11068810897063774,1.836354969,100.0
0.09846269736311024,0.11094399438107999,1.836354969,100.0
0.0990874062513556,0.11068810897063774,1.836354969,100.0
0.09615976137311538,0.11068810897063774,1.836354969,100.0
0.09408204506368838,0.11068810897063774,1.836354969,100.0
0.09315400360751576,0.10939045550700571,1.836354969,100.0
0.09129916603404489,0.10918353832848503,1.836354969,100.0
0.08990332479610491,0.10918353832848496,1.836354969,100.0
0.08637097581013059,0.10592762438226348,1.836354969,100.0
0.08713986002389787,0.10687525693875644,1.836354969,100.0
0.08489129282089157,0.10276842718196372,1.836354969,100.0
0.08505846031111577,0.10134118879870435,1.836354969,100.0
0.08528095389025257,0.10134118879870435,1.836354969,100.0
0.08402246752602689,0.1038639974845628,1.836354969,100.0
0.08380519714042414,0.1026067663585452,1.836354969,100.0
0.08319177722175737,0.10013276700820936,1.836354969,100.0
0.08329744764885012,0.0993073325328572,1.836354969,100.0
0.08306710307644506,0.10172177314720025,1.836354969,100.0
0.0829802848921748,0.10037136411045887,1.836354969,100.0
0.08196142097238887,0.10186427049664656,1.836354969,100.0
0.08181664341794054,0.09734616959374508,1.836354969,100.0
0.08284540396944201,0.10344369696912702,1.836354969,100.0
0.08315531877133957,0.10067907082143884,1.836354969,100.0
0.08150782005242857,0.09764977308946089,1.836354969,100.0
0.08200365227239609,0.10074783146971096,1.836354969,100.0
0.08415886173074011,0.09957365807557884,1.836354969,100.0
0.08449500351556478,0.09886895380742226,1.836354969,100.0
0.08402408907190444,0.10388785108247726,1.836354969,100.0
0.08400348915234146,0.10319390423697322,1.836354969,100.0
0.08260738778273011,0.10248890070243384,1.836354969,100.0
0.08206678611505062,0.10441939212058186,1.836354969,100.0
0.08267956183883987,0.10282892099722372,1.836354969,100.0
0.0809680212100546,0.10282892099722375,1.836354969,100.0
0.08063741178687042,0.10282892099722372,1.836354969,100.0
0.08105572117333285,0.10290221877231585,1.836354969,100.0
0.07877891577555306,0.10558611730680427,1.836354969,100.0
0.07671490482448702,0.0946176523216121,1.836354969,100.0
0.0742573952045979,0.09675276175365302,1.836354969,100.0
0.07493229441004418,0.10322190065388073,1.836354969,100.0
0.07723568780733181,0.10662784714403581,1.836354969,100.0
0.07938246951677912,0.10662784714403581,1.836354969,100.0
0.07996367762980755,0.10662784714403584,1.836354969,100.0
0.08230753005663205,0.10662784714403581,1.836354969,100.0
0.08512068452503403,0.1068972160809536,1.836354969,100.0
0.08683730063199707,0.10689721608095358,1.836354969,100.0
0.08687904057523642,0.10689721608095358,1.836354969,100.0
0.08839744522657277,0.10689721608095357,1.836354969,100.0
0.08876065507227313,0.10662784714403584,1.836354969,100.0
0.08880178264671265,0.10662784714403584,1.836354969,100.0
0.08966605762033214,0.10662784714403581,1.836354969,100.0
0.08922758068008013,0.10662784714403584,1.836354969,100.0
0.08975557877138872,0.10662784714403584,1.836354969,100.0
0.09037128865519861,0.10662784714403581,1.836354969,100.0
0.09171123147395384,0.10662784714403584,1.836354969,100.0
0.09063157320223195,0.10662784714403581,1.836354969,100.0
0.09201281434700423,0.1066702954445456,1.836354969,100.0
0.09071907069284427,0.10798239153593092,1.836354969,100.0
0.09259368638773086,0.10662784714403581,1.836354969,100.0
0.09234171274924691,0.10773559409342517,1.836354969,100.0
0.09302506391743698,0.10699856615594527,1.836354969,100.0
0.09162321861435734,0.10662784714403581,1.836354969,100.0
0.08825985508430621,0.1065513942503157,1.836354969,100.0
0.08727640453462732,0.10684272237456399,1.836354969,100.0
0.08611887724220077,0.10684272237456399,1.836354969,100.0
0.08456541439154087,0.10636206677847006,1.836354969,100.0
0.0847218497122482,0.1063620667784701,1.836354969,100.0
0.08394205173285997,0.10636206677847003,1.836354969,100.0
0.08306879081697603,0.10636206677847006,1.836354969,100.0
0.08275032892795423,0.10603754791589357,1.836354969,100.0
0.08482705901052238,0.10797381317753815,1.836354969,100.0
0.08499109011802627,0.10591765025506533,1.836354969,100.0
0.08553847041904415,0.10576491268106253,1.836354969,100.0
0.08376043071723055,0.10576491268106253,1.836354969,100.0
0.0824197301367855,0.10571308603714893,1.836354969,100.0
0.0843238886791033,0.10500993599497074,1.836354969,100.0
0.08513435956087376,0.10500993599497083,1.836354969,100.0
0.08553764208563741,0.10527626697244606,1.836354969,100.0
0.08699274155220703,0.1072331438235226,1.836354969,100.0
0.08801026459632276,0.1072331438235226,1.836354969,100.0
0.08930256442792739,0.10723314382352261,1.836354969,100.0
0.08962725541925959,0.10723314382352261,1.836354969,100.0
0.0894866813687428,0.10771644865082976,1.836354969,100.0
0.08974236303961275,0.10558343973041284,1.836354969,100.0
0.09045001462305774,0.10747465394395467,1.836354969,100.0
0.09083612209163335,0.10747465394395464,1.836354969,100.0
0.09330662950724644,0.10593094942932854,1.836354969,100.0
0.09474495501929774,0.10539380546424976,1.836354969,100.0
0.09876791703899747,0.10539380546424976,1.836354969,100.0
0.10068543391635053,0.10539380546424976,1.836354969,100.0
0.10068956846545046,0.10539380546424976,1.836354969,100.0
0.10108855856500165,0.10548268230148454,1.836354969,100.0
0.09977657595289728,0.10554212601094959,1.836354969,100.0
0.09772741073521184,0.10539380546424976,1.836354969,100.0
0.09702157854163936,0.10539380546424976,1.836354969,100.0
0.0958160035427251,0.10547419222634963,1.836354969,100.0
0.09346351243241303,0.10600982070189617,1.836354969,100.0
0.09055002397802717,0.10600982070189617,1.836354969,100.0
0.08854738862277378,0.10539380546424974,1.836354969,100.0
0.08606448397546364,0.10535682598213256,1.836354969,100.0
0.08606061163869916,0.10600982070189623,1.836354969,100.0
0.08654688632360177,0.10600982070189618,1.836354969,100.0
0.08564862602119737,0.10450598590322413,1.836354969,100.0
0.08668669150784124,0.10438019549958649,1.836354969,100.0
0.08675223985216877,0.105172830531921,1.836354969,100.0
0.08611316113807188,0.10517283053192095,1.836354969,100.0
0.08360035635772921,0.10426523569002369,1.836354969,100.0
0.08204008576876898,0.10388786235472885,1.836354969,100.0
0.08095498571279207,0.10314104159230505,1.836354969,100.0
0.076569226485828,0.09985028372885868,1.836354969,100.0
0.0758827895494817,0.09721516221610983,1.836354969,100.0
0.07610588147239838,0.09895582498622849,1.836354969,100.0
0.07488512132216178,0.10028742774989048,1.836354969,100.0
0.07473211113327298,0.09742548086285423,1.836354969,100.0
0.07385267566542604,0.09228639189721363,1.836354969,100.0
0.07273122060248007,0.09598246803097883,1.836354969,100.0
0.0725023081806914,0.09598246803097886,1.836354969,100.0
0.07471866085454527,0.10257095455703277,1.836354969,100.0
0.0757441568051412,0.10200354127966293,1.836354969,100.0
0.07717125476761738,0.10231296603659383,1.836354969,100.0
0.07753524265460111,0.10440048826489726,1.836354969,100.0
0.07598803862622941,0.10324703127272679,1.836354969,100.0
0.07679785956869548,0.10324703127272679,1.836354969,100.0
0.07602502883085109,0.10324703127272679,1.836354969,100.0
0.07501429223229461,0.10324703127272679,1.836354969,100.0
0.07420923060929584,0.09727930270370595,1.836354969,100.0
0.07380260557024573,0.0989272729828876,1.836354969,100.0
0.07443584165798753,0.09829424340302369,1.836354969,100.0
0.07389950609398385,0.09829424340302367,1.836354969,100.0
0.0733861107837398,0.09857578198339245,1.836354969,100.0
0.07378931270885955,0.09744211141357303,1.836354969,100.0
0.07459541381624468,0.09545755960138325,1.836354969,100.0
0.07490558384482772,0.09862743956951465,1.836354969,100.0
0.07417917311493012,0.09796913225920514,1.836354969,100.0
0.07477116107127696,0.09838064642206129,1.836354969,100.0
0.07726259844008744,0.1008258794522514,1.836354969,100.0
0.07940508287215492,0.10132888663362402,1.836354969,100.0
0.08096142239863817,0.10090002072192622,1.836354969,100.0
0.0823331400344317,0.10337302669684305,1.836354969,100.0
0.08292724521011648,0.10340941739924872,1.836354969,100.0
0.08331551156252864,0.10301337537688518,1.836354969,100.0
0.08280955369558991,0.10261499185025094,1.836354969,100.0
0.0829374070547026,0.10475496700620326,1.836354969,100.0
0.08405618736701331,0.10596917633761438,1.836354969,100.0
0.08364173108023774,0.10576606517206895,1.836354969,100.0
0.08560784566034901,0.10614582571784938,1.836354969,100.0
0.08507291327800466,0.10648587789147443,1.836354969,100.0
0.08507969002807883,0.10763241008720807,1.836354969,100.0
0.0856317942640514,0.10428301582276335,1.836354969,100.0
0.08615394494585527,0.10757996816863283,1.836354969,100.0
0.08719709872632248,0.104543744670289,1.836354969,100.0
0.08652657909915407,0.10417169333700677,1.836354969,100.0
0.08665419279832041,0.1046518444594422,1.836354969,100.0
0.0872911024778988,0.10578125276217547,1.836354969,100.0
0.0891293265585367,0.10578125276217547,1.836354969,100.0
0.09038736028617005,0.10578125276217547,1.836354969,100.0
0.08973012697754709,0.10620799457499439,1.836354969,100.0
0.08923829430527831,0.10620799457499436,1.836354969,100.0
0.09028080545530866,0.10620799457499434,1.836354969,100.0
0.09028852986803398,0.10997231016872687,1.836354969,100.0
0.08876321517186408,0.11002357012913773,1.836354969,100.0
0.09112710267865508,0.10997231016872695,1.836354969,100.0
0.09367950230870614,0.1112847332070902,1.836354969,100.0
0.09655947465609108,0.11128473320709015,1.836354969,100.0
0.1008799029984361,0.11189780370841963,1.836354969,100.0
0.1012755594663841,0.11189780370841963,1.836354969,100.0
0.09930171908346147,0.11250521344419827,1.836354969,100.0
0.09812416707250811,0.11250521344419827,1.836354969,100.0
0.0983950434789201,0.11233551063247434,1.836354969,100.0
0.09896850587168016,0.11186509111677796,1.836354969,100.0
0.09846968006701334,0.1120852585570082,1.836354969,100.0
0.09824463599928732,0.11154726022400077,1.836354969,100.0
0.09996784120098781,0.109670974031809,1.836354969,100.0
0.1002665148793273,0.10959059588329227,1.836354969,100.0
0.10019549581272347,0.10929835013698318,1.836354969,100.0
0.09756358470583025,0.10929835013698318,1.836354969,100.0
0.09535711240317328,0.10934338240769832,1.836354969,100.0
0.09313388399894115,0.1093433824076983,1.836354969,100.0
0.09497216978430771,0.10903591755699538,1.836354969,100.0
0.09719287802306263,0.10842385865243606,1.836354969,100.0
0.09910529887444679,0.10869816392663026,1.836354969,100.0
0.10068250010475173,0.10981320629228017,1.836354969,100.0
0.10268521855325535,0.10981320629228017,1.836354969,100.0
0.1020161269193999,0.10840480781387958,1.836354969,100.0
0.09986103446220904,0.1084048078138796,1.836354969,100.0
0.09783407799353785,0.10741626714543273,1.836354969,100.0
0.09538403200457804,0.10725938402901125,1.836354969,100.0
0.09307067418367884,0.10775264682705553,1.836354969,100.0
0.09171405998643117,0.10775264682705557,1.836354969,100.0
0.0926300897841106,0.10843702792628472,1.836354969,100.0
0.09114770352177771,0.10952886484309092,1.836354969,100.0
0.09070353034618212,0.10952886484309095,1.836354969,100.0
0.09236450285507739,0.10952886484309096,1.836354969,100.0
0.09693379549598584,0.10952886484309096,1.836354969,100.0
0.09963571707748786,0.10952886484309096,1.836354969,100.0
0.10195919239177346,0.10952886484309096,1.836354969,100.0
0.10383451859585521,0.10952886484309096,1.836354969,100.0
0.10341257804829143,0.10952886484309096,1.836354969,100.0
0.10240357321747712,0.10952886484309096,1.836354969,100.0
0.10235448967271246,0.10952886484309096,1.836354969,100.0
0.1032011813574719,0.10952886484309096,1.836354969,100.0
0.10333663431636898,0.10952886484309096,1.836354969,100.0
0.10282829046785792,0.10963486980567823,1.836354969,100.0
0.1022086447196266,0.10952886484309096,1.836354969,100.0
0.10094162988960109,0.10952886484309096,1.836354969,100.0
0.0994590942973613,0.10952886484309096,1.836354969,100.0
0.09934131126295559,0.10952886484309096,1.836354969,100.0
0.09952763242310443,0.10952886484309096,1.836354969,100.0
0.0993397997412705,0.10952886484309096,1.836354969,100.0
0.09874667581826857,0.1100192180341621,1.836354969,100.0
0.09809043253088891,0.10952886484309096,1.836354969,100.0
0.09837097009475369,0.10952886484309096,1.836354969,100.0
0.0974779049152046,0.10999684454990903,1.836354969,100.0
0.0995999733979569,0.11014561263809572,1.836354969,100.0
0.09844132401324238,0.11014561263809573,1.836354969,100.0
0.09994080412734542,0.11014561263809577,1.836354969,100.0
0.10113995964307937,0.11062633888625928,1.836354969,100.0
0.10016154020878679,0.10952886484309096,1.836354969,100.0
0.10146329910096405,0.10952886484309096,1.836354969,100.0
0.10055272081878432,0.10952886484309096,1.836354969,100.0
0.10054030382876027,0.1100192180341621,1.836354969,100.0
0.10138774125322772,0.10952886484309096,1.836354969,100.0
0.10016415281630957,0.10952886484309096,1.836354969,100.0
0.10037714570735556,0.10952886484309096,1.836354969,100.0
0.10066526277622283,0.11062633888625928,1.836354969,100.0
0.0999305968453573,0.10952886484309096,1.836354969,100.0
0.10110107387595062,0.10952886484309096,1.836354969,100.0
0.09997140055546802,0.10952886484309096,1.836354969,100.0
0.09906512081374123,0.10952886484309096,1.836354969,100.0
0.09843081755405754,0.10952886484309096,1.836354969,100.0
0.09892179370983822,0.10952886484309096,1.836354969,100.0
0.09839184686538172,0.11009629688392014,1.836354969,100.0
0.0978721393330519,0.1104206462053885,1.836354969,100.0
0.09636180528669713,0.11042064620538847,1.836354969,100.0
0.09467323357894662,0.10966550992525813,1.836354969,100.0
0.0948901592595192,0.10952886484309096,1.836354969,100.0
0.09435744362210782,0.10952886484309095,1.836354969,100.0
0.09318903058054462,0.10994819540334733,1.836354969,100.0
0.09264155048152212,0.10952886484309096,1.836354969,100.0
0.09257382883088132,0.10952886484309096,1.836354969,100.0
0.09127787898019663,0.10952886484309096,1.836354969,100.0
0.09340068535385405,0.10952886484309096,1.836354969,100.0
0.09335934574189725,0.10952886484309096,1.836354969,100.0
0.09188668776730687,0.10952886484309096,1.836354969,100.0
0.09311371872227286,0.10952886484309096,1.836354969,100.0
0.09371120950021927,0.10952886484309096,1.836354969,100.0
0.09405198041426566,0.10952886484309096,1.836354969,100.0
0.0936770083434509,0.10952886484309096,1.836354969,100.0
0.09390204749259298,0.10952886484309096,1.836354969,100.0
0.09259810798722098,0.10952886484309096,1.836354969,100.0
0.0920908917662587,0.10952886484309096,1.836354969,100.0
0.09100532263288813,0.1095288648430909,1.836354969,100.0
0.09048485050726825,0.10921470624715734,1.836354969,100.0
0.08898146919648225,0.10921470624715739,1.836354969,100.0
0.08977200801021994,0.10921470624715739,1.836354969,100.0
0.09024407014844328,0.10921470624715739,1.836354969,100.0
0.08976876850812911,0.10921470624715739,1.836354969,100.0
0.09227677778713898,0.10921470624715739,1.836354969,100.0
0.09298426186752891,0.10921470624715739,1.836354969,100.0
0.09511933662648415,0.10921470624715739,1.836354969,100.0
0.09997977892979253,0.10921470624715739,1.836354969,100.0
0.10284290689991617,0.10921470624715739,1.836354969,100.0
0.1029288386926596,0.10921470624715739,1.836354969,100.0
0.10138708215398178,0.10921470624715739,1.836354969,100.0
0.10252320766872158,0.10921470624715739,1.836354969,100.0
0.10161494561413807,0.10921470624715739,1.836354969,100.0
0.10172362756206116,0.10921470624715737,1.836354969,100.0
0.09945008480907823,0.10895466359249181,1.836354969,100.0
0.09841493608987122,0.10895466359249184,1.836354969,100.0
0.10036659247552203,0.10895466359249184,1.836354969,100.0
0.1021712287624635,0.10895466359249184,1.836354969,100.0
0.10402571924290807,0.10895466359249184,1.836354969,100.0
0.10402557060555594,0.10895466359249184,1.836354969,100.0
0.10363647240844537,0.10895466359249184,1.836354969,100.0
0.10357424238911056,0.10895466359249184,1.836354969,100.0
0.10230419717123782,0.10895466359249184,1.836354969,100.0
0.10257096572971701,0.10895466359249184,1.836354969,100.0
0.10228375357489856,0.10895466359249184,1.836354969,100.0
0.10250344401508112,0.10895466359249184,1.836354969,100.0
0.10136368546502213,0.10895466359249184,1.836354969,100.0
0.10000688172998165,0.11082541646225304,1.836354969,100.0
0.09733790278690874,0.10963832402919226,1.836354969,100.0
0.09654161769219999,0.10895466359249184,1.836354969,100.0
0.09548232019048036,0.10895466359249184,1.836354969,100.0
0.09410260800819578,0.10895466359249184,1.836354969,100.0
0.09351737177675251,0.10895466359249184,1.836354969,100.0
0.09122591468255242,0.10895466359249184,1.836354969,100.0
0.0900864717596549,0.10895466359249181,1.836354969,100.0
0.08791153964897695,0.10895466359249184,1.836354969,100.0
0.08757590658342425,0.10895466359249184,1.836354969,100.0
0.08757699054040892,0.10895466359249184,1.836354969,100.0
0.08697018925092535,0.10895466359249184,1.836354969,100.0
0.087848797421168,0.10895466359249181,1.836354969,100.0
0.08844519633384244,0.10895466359249181,1.836354969,100.0
0.09021735111954607,0.1089546635924918,1.836354969,100.0
0.0909786877957563,0.10957734714247325,1.836354969,100.0
0.0892765341330268,0.10895466359249181,1.836354969,100.0
0.08881907519077117,0.10982514586504388,1.836354969,100.0
0.08703613130655716,0.10863000300050799,1.836354969,100.0
0.08735509783457596,0.10982514586504384,1.836354969,100.0
0.0860330840994486,0.10982514586504384,1.836354969,100.0
0.08680129124995417,0.10682548748117426,1.836354969,100.0
0.08627017425911929,0.10715999360824066,1.836354969,100.0
0.08505282944863199,0.1062508450337573,1.836354969,100.0
0.08514121399983324,0.10983485155537343,1.836354969,100.0
0.08444213870525953,0.10983485155537345,1.836354969,100.0
0.08488652585522721,0.10661899691425053,1.836354969,100.0
0.08533241049120335,0.10653452234337696,1.836354969,100.0
0.0863283950710509,0.10653452234337696,1.836354969,100.0
0.08508384656065748,0.10768499598670689,1.836354969,100.0
0.08572801724539027,0.11008576954683082,1.836354969,100.0
0.08692208834224337,0.10614644565864977,1.836354969,100.0
0.08488584456479195,0.10600940894990422,1.836354969,100.0
0.08605545807186851,0.10600940894990422,1.836354969,100.0
0.0880656085476761,0.10436082002923014,1.836354969,100.0
0.08979063845849819,0.10634291129130571,1.836354969,100.0
0.09164012933779415,0.10622553766031191,1.836354969,100.0
0.09094302194312355,0.10650823315519836,1.836354969,100.0
0.09027502310066282,0.10650823315519838,1.836354969,100.0
0.09019604918310538,0.10650823315519842,1.836354969,100.0
0.08934521360584499,0.10762218987703877,1.836354969,100.0
0.0889085258012195,0.10727095511907865,1.836354969,100.0
0.08714417593139206,0.10794740680035801,1.836354969,100.0
0.08678760200681566,0.1096101350221067,1.836354969,100.0
0.08717996974423403,0.11153266398128547,1.836354969,100.0
0.08972245781456736,0.10961013502210674,1.836354969,100.0
0.09244040954320801,0.11218996672094854,1.836354969,100.0
0.09510328352081977,0.11218996672094857,1.836354969,100.0
0.10051905611232191,0.10968978393094529,1.836354969,100.0
0.10349155921804201,0.10961013502210679,1.836354969,100.0
0.10152215243810511,0.10980274931135793,1.836354969,100.0
0.09920791427823612,0.10980274931135793,1.836354969,100.0
0.0936569339106698,0.10961013502210677,1.836354969,100.0
0.08868957961191523,0.10961013502210673,1.836354969,100.0
0.08561551756376484,0.10241165538106017,1.836354969,100.0
0.08408750877268431,0.10257775979590539,1.836354969,100.0
0.08398090915473815,0.10290840023241259,1.836354969,100.0
0.08375817791252693,0.1029084002324126,1.836354969,100.0
0.08201028271234519,0.1030946718794527,1.836354969,100.0
0.08152469631618794,0.1058261194315961,1.836354969,100.0
0.07798937909145383,0.10868301058657069,1.836354969,100.0
0.07867782431941818,0.10868301058657065,1.836354969,100.0
0.08045890113006056,0.10713201201569769,1.836354969,100.0
0.08054026777060491,0.10868301058657065,1.836354969,100.0
0.08326112458991787,0.11043728058598853,1.836354969,100.0
0.08513179916492028,0.11043728058598853,1.836354969,100.0
0.08739662890706174,0.11040667971385935,1.836354969,100.0
0.08663492223158058,0.10868301058657065,1.836354969,100.0
0.08786239497490786,0.10839122557153541,1.836354969,100.0
0.08729723784120516,0.10839122557153538,1.836354969,100.0
0.0884947132725304,0.10868301058657065,1.836354969,100.0
0.08849597719230402,0.10723996322657049,1.836354969,100.0
0.0888277185824359,0.10341517104689775,1.836354969,100.0
0.08932387507401142,0.10108626441772375,1.836354969,100.0
0.08898445387636666,0.106013494319982,1.836354969,100.0
0.08778044062212259,0.1025360777918723,1.836354969,100.0
0.08765936732414685,0.1028727704818401,1.836354969,100.0
0.08794691944868745,0.10317230585722272,1.836354969,100.0
0.0879643738471084,0.10427575190498155,1.836354969,100.0
0.08804371259995016,0.10370562901202758,1.836354969,100.0
0.08780459074800094,0.10515604320372819,1.836354969,100.0
0.08655016540489045,0.10270127415447838,1.836354969,100.0
0.08592424754145274,0.1019476431057199,1.836354969,100.0
0.08614616473702506,0.09888435405386298,1.836354969,100.0
0.08554754961598766,0.10196933846912626,1.836354969,100.0
0.085664760852264,0.10339976468719421,1.836354969,100.0
0.08521711140957836,0.09924279975599602,1.836354969,100.0
0.08446415014469957,0.0991758150031567,1.836354969,100.0
0.08336945825275731,0.10265890605871775,1.836354969,100.0
0.08334305306572702,0.10146608527660426,1.836354969,100.0
0.08206430375066905,0.10158926972351244,1.836354969,100.0
0.08138870611648344,0.10302808201134005,1.836354969,100.0
0.07994023496760977,0.10302808201134,1.836354969,100.0
0.07910738463567919,0.10432785588504859,1.836354969,100.0
0.07896539363624329,0.103062917558646,1.836354969,100.0
0.07910317423827193,0.10306291755864602,1.836354969,100.0
0.07885103936456563,0.10309222990232966,1.836354969,100.0
0.0807453759999505,0.1009373836859944,1.836354969,100.0
0.0801107983246709,0.09805135507542423,1.836354969,100.0
0.08007906391021408,0.10340072975237473,1.836354969,100.0
0.08006289369763359,0.10118722323755472,1.836354969,100.0
0.0832450929748116,0.1034007297523747,1.836354969,100.0
0.08561746238279687,0.10549264001606228,1.836354969,100.0
0.08688251173134211,0.10549264001606223,1.836354969,100.0
0.0879557475398432,0.10968540041214421,1.836354969,100.0
0.08952713540282856,0.10968540041214424,1.836354969,100.0
0.09152009529936013,0.10968540041214424,1.836354969,100.0
0.09312165977342567,0.11052954873299213,1.836354969,100.0
0.09622897534655946,0.10968540041214424,1.836354969,100.0
0.09638215540889516,0.11071695503561207,1.836354969,100.0
0.09392740639028158,0.11071695503561207,1.836354969,100.0
0.092758896831991,0.10968540041214424,1.836354969,100.0
0.08792718758844074,0.10968540041214424,1.836354969,100.0
0.08689798725007955,0.10707325531485183,1.836354969,100.0
0.08587846310372127,0.10707325531485183,1.836354969,100.0
0.08545370995324462,0.1043610608946987,1.836354969,100.0
0.0852014294141084,0.10436106089469874,1.836354969,100.0
0.0843836035909256,0.10432353981390619,1.836354969,100.0
0.08239888463977811,0.10383710581415284,1.836354969,100.0
0.07970025686045905,0.10383710581415283,1.836354969,100.0
0.07725547062620876,0.09877440600498899,1.836354969,100.0
0.07698368402893321,0.09748357789408757,1.836354969,100.0
0.07720854777407665,0.10306795967570515,1.836354969,100.0
0.08003813391874022,0.10429210221360417,1.836354969,100.0
0.08081800228504642,0.10265561530321322,1.836354969,100.0
0.08068948179816246,0.10442016302059647,1.836354969,100.0
0.07807522512973705,0.10335747294521563,1.836354969,100.0
0.07737988927579205,0.10335747294521563,1.836354969,100.0
0.07761461482234405,0.09219396185341697,1.836354969,100.0
0.07532685859641844,0.09548818961547453,1.836354969,100.0
0.07412748171512554,0.10129818506210121,1.836354969,100.0
